run_id,experiment,model,labelled_images,input_size,threshold_percent,metrics_file,pseudo_boxes_file,checkpoint_id
exp01_yolov8_t05,1,yolov8,915,320,5,results/threshold_metrics.csv,data/labels/pseudo/exp01_yolov8_thr05.csv,
exp01_yolov8_t10,1,yolov8,915,320,10,results/threshold_metrics.csv,data/labels/pseudo/exp01_yolov8_thr10.csv,
exp01_yolov8_t15,1,yolov8,915,320,15,results/threshold_metrics.csv,data/labels/pseudo/exp01_yolov8_thr15.csv,
exp01_yolov8_t20,1,yolov8,915,320,20,results/threshold_metrics.csv,data/labels/pseudo/exp01_yolov8_thr20.csv,
exp01_yolov8_t25,1,yolov8,915,320,25,results/threshold_metrics.csv,data/labels/pseudo/exp01_yolov8_thr25.csv,
exp01_yolov8_t50,1,yolov8,915,320,50,results/threshold_metrics.csv,data/labels/pseudo/exp01_yolov8_thr50.csv,
exp01_yolov8_t65,1,yolov8,915,320,65,results/threshold_metrics.csv,data/labels/pseudo/exp01_yolov8_thr65.csv,
exp01_yolov11_t05,1,yolov11,915,320,5,results/threshold_metrics.csv,data/labels/pseudo/exp01_yolov11_thr05.csv,
exp01_yolov11_t10,1,yolov11,915,320,10,results/threshold_metrics.csv,data/labels/pseudo/exp01_yolov11_thr10.csv,
exp01_yolov11_t15,1,yolov11,915,320,15,results/threshold_metrics.csv,data/labels/pseudo/exp01_yolov11_thr15.csv,
exp01_yolov11_t20,1,yolov11,915,320,20,results/threshold_metrics.csv,data/labels/pseudo/exp01_yolov11_thr20.csv,
exp01_yolov11_t25,1,yolov11,915,320,25,results/threshold_metrics.csv,data/labels/pseudo/exp01_yolov11_thr25.csv,
exp01_yolov11_t50,1,yolov11,915,320,50,results/threshold_metrics.csv,data/labels/pseudo/exp01_yolov11_thr50.csv,
exp01_yolov11_t65,1,yolov11,915,320,65,results/threshold_metrics.csv,data/labels/pseudo/exp01_yolov11_thr65.csv,
exp02_yolov8_t05,2,yolov8,1321,320,5,results/threshold_metrics.csv,data/labels/pseudo/exp02_yolov8_thr05.csv,
exp02_yolov8_t10,2,yolov8,1321,320,10,results/threshold_metrics.csv,data/labels/pseudo/exp02_yolov8_thr10.csv,
exp02_yolov8_t15,2,yolov8,1321,320,15,results/threshold_metrics.csv,data/labels/pseudo/exp02_yolov8_thr15.csv,
exp02_yolov8_t20,2,yolov8,1321,320,20,results/threshold_metrics.csv,data/labels/pseudo/exp02_yolov8_thr20.csv,
exp02_yolov8_t25,2,yolov8,1321,320,25,results/threshold_metrics.csv,data/labels/pseudo/exp02_yolov8_thr25.csv,
exp02_yolov8_t50,2,yolov8,1321,320,50,results/threshold_metrics.csv,data/labels/pseudo/exp02_yolov8_thr50.csv,
exp02_yolov8_t65,2,yolov8,1321,320,65,results/threshold_metrics.csv,data/labels/pseudo/exp02_yolov8_thr65.csv,
exp02_yolov11_t05,2,yolov11,1321,320,5,results/threshold_metrics.csv,data/labels/pseudo/exp02_yolov11_thr05.csv,
exp02_yolov11_t10,2,yolov11,1321,320,10,results/threshold_metrics.csv,data/labels/pseudo/exp02_yolov11_thr10.csv,
exp02_yolov11_t15,2,yolov11,1321,320,15,results/threshold_metrics.csv,data/labels/pseudo/exp02_yolov11_thr15.csv,
exp02_yolov11_t20,2,yolov11,1321,320,20,results/threshold_metrics.csv,data/labels/pseudo/exp02_yolov11_thr20.csv,
exp02_yolov11_t25,2,yolov11,1321,320,25,results/threshold_metrics.csv,data/labels/pseudo/exp02_yolov11_thr25.csv,
exp02_yolov11_t50,2,yolov11,1321,320,50,results/threshold_metrics.csv,data/labels/pseudo/exp02_yolov11_thr50.csv,
exp02_yolov11_t65,2,yolov11,1321,320,65,results/threshold_metrics.csv,data/labels/pseudo/exp02_yolov11_thr65.csv,
exp03_yolov8_t05,3,yolov8,915,416,5,results/threshold_metrics.csv,data/labels/pseudo/exp03_yolov8_thr05.csv,
exp03_yolov8_t10,3,yolov8,915,416,10,results/threshold_metrics.csv,data/labels/pseudo/exp03_yolov8_thr10.csv,
exp03_yolov8_t15,3,yolov8,915,416,15,results/threshold_metrics.csv,data/labels/pseudo/exp03_yolov8_thr15.csv,
exp03_yolov8_t20,3,yolov8,915,416,20,results/threshold_metrics.csv,data/labels/pseudo/exp03_yolov8_thr20.csv,
exp03_yolov8_t25,3,yolov8,915,416,25,results/threshold_metrics.csv,data/labels/pseudo/exp03_yolov8_thr25.csv,
exp03_yolov8_t50,3,yolov8,915,416,50,results/threshold_metrics.csv,data/labels/pseudo/exp03_yolov8_thr50.csv,
exp03_yolov8_t65,3,yolov8,915,416,65,results/threshold_metrics.csv,data/labels/pseudo/exp03_yolov8_thr65.csv,
exp03_yolov11_t05,3,yolov11,915,416,5,results/threshold_metrics.csv,data/labels/pseudo/exp03_yolov11_thr05.csv,
exp03_yolov11_t10,3,yolov11,915,416,10,results/threshold_metrics.csv,data/labels/pseudo/exp03_yolov11_thr10.csv,
exp03_yolov11_t15,3,yolov11,915,416,15,results/threshold_metrics.csv,data/labels/pseudo/exp03_yolov11_thr15.csv,
exp03_yolov11_t20,3,yolov11,915,416,20,results/threshold_metrics.csv,data/labels/pseudo/exp03_yolov11_thr20.csv,
exp03_yolov11_t25,3,yolov11,915,416,25,results/threshold_metrics.csv,data/labels/pseudo/exp03_yolov11_thr25.csv,
exp03_yolov11_t50,3,yolov11,915,416,50,results/threshold_metrics.csv,data/labels/pseudo/exp03_yolov11_thr50.csv,
exp03_yolov11_t65,3,yolov11,915,416,65,results/threshold_metrics.csv,data/labels/pseudo/exp03_yolov11_thr65.csv,
exp04_yolov8_t05,4,yolov8,1321,416,5,results/threshold_metrics.csv,data/labels/pseudo/exp04_yolov8_thr05.csv,
exp04_yolov8_t10,4,yolov8,1321,416,10,results/threshold_metrics.csv,data/labels/pseudo/exp04_yolov8_thr10.csv,
exp04_yolov8_t15,4,yolov8,1321,416,15,results/threshold_metrics.csv,data/labels/pseudo/exp04_yolov8_thr15.csv,
exp04_yolov8_t20,4,yolov8,1321,416,20,results/threshold_metrics.csv,data/labels/pseudo/exp04_yolov8_thr20.csv,
exp04_yolov8_t25,4,yolov8,1321,416,25,results/threshold_metrics.csv,data/labels/pseudo/exp04_yolov8_thr25.csv,
exp04_yolov8_t50,4,yolov8,1321,416,50,results/threshold_metrics.csv,data/labels/pseudo/exp04_yolov8_thr50.csv,
exp04_yolov8_t65,4,yolov8,1321,416,65,results/threshold_metrics.csv,data/labels/pseudo/exp04_yolov8_thr65.csv,
exp04_yolov11_t05,4,yolov11,1321,416,5,results/threshold_metrics.csv,data/labels/pseudo/exp04_yolov11_thr05.csv,
exp04_yolov11_t10,4,yolov11,1321,416,10,results/threshold_metrics.csv,data/labels/pseudo/exp04_yolov11_thr10.csv,
exp04_yolov11_t15,4,yolov11,1321,416,15,results/threshold_metrics.csv,data/labels/pseudo/exp04_yolov11_thr15.csv,
exp04_yolov11_t20,4,yolov11,1321,416,20,results/threshold_metrics.csv,data/labels/pseudo/exp04_yolov11_thr20.csv,
exp04_yolov11_t25,4,yolov11,1321,416,25,results/threshold_metrics.csv,data/labels/pseudo/exp04_yolov11_thr25.csv,
exp04_yolov11_t50,4,yolov11,1321,416,50,results/threshold_metrics.csv,data/labels/pseudo/exp04_yolov11_thr50.csv,
exp04_yolov11_t65,4,yolov11,1321,416,65,results/threshold_metrics.csv,data/labels/pseudo/exp04_yolov11_thr65.csv,
